<?xml version="1.0" encoding="UTF-8" standalone="yes"?>
<addon id="plugin.image.bancadejornais" name="Banca de Jornais" version="2.0.0" provider-name="enen92/Leinad4Mind">
  <requires>
    <import addon="xbmc.python" version="2.1.0"/>
  </requires>
  <extension point="xbmc.python.pluginsource" library="default.py">
    <provides>image</provides>
  </extension>
  <extension point="xbmc.addon.metadata">
    <platform>all</platform>
    <summary lang="en">Veja as capas dos jornais no Kodi</summary>
    <description>Veja as capas dos principais jornais diariamente no Kodi. As capas são retiradas do site sapo24.</description> 
    <license>GPL 2.0</license>
  </extension>
</addon>
