<?xml version="1.0" encoding="UTF-8" standalone="yes"?>
<addon id="repository.leinad4mind" name="Leinad4Mind Repositório" version="1.0.0" provider-name="Leinad4Mind">
	<extension point="xbmc.addon.repository" name="Leinad4Mind Add-on Repository">
		<info compressed="false">https://raw.githubusercontent.com/Leinad4Mind/leinad4mind-addons/master/addons.xml</info>
		<checksum>https://raw.githubusercontent.com/Leinad4Mind/leinad4mind-addons/master/addons.xml.md5</checksum>
		<datadir zip="true">https://raw.githubusercontent.com/Leinad4Mind/leinad4mind-addons/master</datadir>
	</extension>
	<extension point="xbmc.addon.metadata">
		<summary>Repositorio Leinad4Mind</summary>
		<description>Addons de Leinad4Mind, contacto: leinad4talk@gmail.com</description>
		<platform>all</platform>
	</extension>
</addon>

